target,pdb_id,source_url,source_bytes,source_sha256,atom_records,hetatm_records,blank_element_fields,alternate_location_records,chain_ids,outcome,return_code,pdbqt_bytes,error_class
aa2ar,3eml,https://dude.docking.org/targets/aa2ar/receptor.pdb,123530,675e61ad729004bfcd764b2dbfeaa3f4fab6bcf53f373f4eec1016977bc1bfcb,2246,0,2246,0,_,direct_failure,1,0,blank_element_fields
abl1,2hzi,https://dude.docking.org/targets/abl1/receptor.pdb,146823,5de86873ef3cf4a0d26a0f55473f5c2023b1d4d03ec8f6c6fb7859873666263f,2643,0,2643,0,_,direct_failure,1,0,blank_element_fields
ace,3bkl,https://dude.docking.org/targets/ace/receptor.pdb,301295,8909493930365455aa51a96322338db45c0f05f6b10b1e7924c249c52a08adaf,5456,0,5456,0,_,direct_failure,1,0,blank_element_fields
aces,1e66,https://dude.docking.org/targets/aces/receptor.pdb,233187,8e49e26069532aabd38eabbd5f88555c103bea0d04d859be9796214244852051,4200,0,4200,0,_,direct_failure,1,0,blank_element_fields
ada,2e1w,https://dude.docking.org/targets/ada/receptor.pdb,177800,a6fcb220c77b63a373bb41bca62de30c8f3efed852e083b41b7be4f413956980,3218,0,3218,0,_,direct_failure,1,0,blank_element_fields
ada17,2oi0,https://dude.docking.org/targets/ada17/receptor.pdb,130790,e9d5c2a479baa530de6846697dee55ec20c1828071ef34869e83d5889cafb769,2378,0,2378,0,_,direct_failure,1,0,blank_element_fields
adrb1,2vt4,https://dude.docking.org/targets/adrb1/receptor.pdb,145530,3975824cd823e42b69103f9caf3a0f0c69bbd0a906f681f07d060939064975ac,2646,0,2646,0,_,direct_failure,1,0,blank_element_fields
adrb2,3ny8,https://dude.docking.org/targets/adrb2/receptor.pdb,122033,22daeb40a9667eea855683d2ea1fdd2313d2de1ab5bbc1e8e036536af331ad19,2207,0,2207,0,_,direct_failure,1,0,blank_element_fields
akt1,3cqw,https://dude.docking.org/targets/akt1/receptor.pdb,161810,e46f20507bc718a6686f844d116bb0685da7321b054951319e63260cd30be683,2942,0,2942,0,_,direct_failure,1,0,blank_element_fields
akt2,3d0e,https://dude.docking.org/targets/akt2/receptor.pdb,187275,d27895b456f7421d39d7b5d2c55b00a9f4c972649b83dfda00a6f05b37802600,3405,0,3405,0,_,direct_failure,1,0,blank_element_fields
aldr,2hv5,https://dude.docking.org/targets/aldr/receptor.pdb,158828,de531edd59a1371e98c9b511653c7c9ddfbc5f5d854e4d44de0013867ffb1269,2876,0,2876,0,_,direct_failure,1,0,blank_element_fields
ampc,1l2s,https://dude.docking.org/targets/ampc/receptor.pdb,194312,1cb170ef471ab7a4fbb4cad94cf935284c7c44f465b9482ce2ced0c77b3577f5,3409,0,3409,0,_,direct_failure,1,0,blank_element_fields
andr,2am9,https://dude.docking.org/targets/andr/receptor.pdb,125417,ef600c2c5a5dafe1d949321e500ffeee45d1d72d788632bb2705ce4f24fb7a0c,2270,0,2270,0,_,direct_failure,1,0,blank_element_fields
aofb,1s3b,https://dude.docking.org/targets/aofb/receptor.pdb,245465,fdf73cc8ace9cdd65c5781072cd74ae0231413e56f659c2879d8eaf8b31f6467,4463,0,4463,0,_,direct_failure,1,0,blank_element_fields
bace1,3l5d,https://dude.docking.org/targets/bace1/receptor.pdb,193379,0b71a2d1ffe04b24d1675fcdad971cfdcb4cf4dada3332e513f4e15736cafd19,3488,0,3488,0,_,direct_failure,1,0,blank_element_fields
braf,3d4q,https://dude.docking.org/targets/braf/receptor.pdb,176380,acc6c835f0486ab2961c498b9ccc506da75cd293924a0f70a714df5ca3a5350e,3166,0,3166,0,_,direct_failure,1,0,blank_element_fields
cah2,1bcd,https://dude.docking.org/targets/cah2/receptor.pdb,138047,c2c8942a1c3559975beeeb84c10af5e947aa4c297f9254cee9cac4bb6b97f874,2507,0,2507,0,_,direct_failure,1,0,blank_element_fields
casp3,2cnk,https://dude.docking.org/targets/casp3/receptor.pdb,104225,3e99b27f61a41f4b0fa5a298286061395a3faf7e7ae4750110587d83d385b753,1895,0,1895,0,_,direct_failure,1,0,blank_element_fields
cdk2,1h00,https://dude.docking.org/targets/cdk2/receptor.pdb,149765,2f5073edf5bd30f625d454d5411dd2c8d0312d8869c1850567b5796e50fa3a4d,2723,0,2723,0,_,direct_failure,1,0,blank_element_fields
comt,3bwm,https://dude.docking.org/targets/comt/receptor.pdb,108240,fb277c91e16af29f4aa2b710dcfb80fc3842bcccc53cd16f23907b9830589ab4,1968,0,1968,0,_,direct_failure,1,0,blank_element_fields
cp2c9,1r9o,https://dude.docking.org/targets/cp2c9/receptor.pdb,202895,502c69068142923127969bf675309a2283a6f1ee365ad98fdafc4181dd1213cf,3689,0,3689,0,_,direct_failure,1,0,blank_element_fields
cp3a4,3nxu,https://dude.docking.org/targets/cp3a4/receptor.pdb,235895,ef02375b4b53d5132e90a4e5d43770c017887bd6f6b9e0ac42e1b32e8d667420,4289,0,4289,0,_,direct_failure,1,0,blank_element_fields
csf1r,3krj,https://dude.docking.org/targets/csf1r/receptor.pdb,140245,8e7e9cae4046b52921ceb098a1da7427cbaf8e44b1d2f5ab17a9a5fae2f943fc,2515,0,2515,0,_,direct_failure,1,0,blank_element_fields
cxcr4,3odu,https://dude.docking.org/targets/cxcr4/receptor.pdb,156362,72ccedad86654abe6d8c0b1a3c203035c2e63653dcf29462bd8974a80a451f08,2840,0,2840,0,_,direct_failure,1,0,blank_element_fields
def,1lru,https://dude.docking.org/targets/def/receptor.pdb,88385,454e5ccdb0cbc9e00a3e769e16c9d039cf61048923d52f69f2a48d5df226643c,1607,0,1607,0,_,direct_failure,1,0,blank_element_fields
dhi1,3frj,https://dude.docking.org/targets/dhi1/receptor.pdb,170995,eeb74cd72e6fc767ed16667d874debd03467a2d9659f7eb8fe71bc69cdea057e,3109,0,3109,0,_,direct_failure,1,0,blank_element_fields
dpp4,2i78,https://dude.docking.org/targets/dpp4/receptor.pdb,320109,aeb706f0a831503884860ae71a647b6c1628fe0c9b7b024c7e6998b19b2a7a2c,5748,0,5748,0,_,direct_failure,1,0,blank_element_fields
drd3,3pbl,https://dude.docking.org/targets/drd3/receptor.pdb,116490,7e0923cc72da9eef69700fdbdfb81c100d483a17c590a1b99ea2fc94f3f20b92,2118,0,2118,0,_,direct_failure,1,0,blank_element_fields
dyr,3nxo,https://dude.docking.org/targets/dyr/receptor.pdb,103837,e85dcd5df8b43eade27ba7bfc9a706d102a0aa76897228f93c2fbcee92fb9733,1885,0,1885,0,_,direct_failure,1,0,blank_element_fields
egfr,2rgp,https://dude.docking.org/targets/egfr/receptor.pdb,136263,be15260aa0149c4176eac98324dd60c8e2606e067a4f1206cef0c67eed3d8a06,2451,0,2451,0,_,direct_failure,1,0,blank_element_fields
esr1,1sj0,https://dude.docking.org/targets/esr1/receptor.pdb,114581,900a04e0aa62ec66fade6fcdaaa600315ed983d7cbaf6e950445c9d52dc1e275,2060,0,2060,0,_,direct_failure,1,0,blank_element_fields
esr2,2fsz,https://dude.docking.org/targets/esr2/receptor.pdb,145031,23cf64d1f1d37b4e50880309eb5e45317d94e40fa9d602791e403fc158fc4925,2606,0,2606,0,_,direct_failure,1,0,blank_element_fields
fa10,3kl6,https://dude.docking.org/targets/fa10/receptor.pdb,124809,3d69c9386e6f57dc72a2a7d3d4db1eeaa5bb63d80c22798c70d0cd827eab8ea8,2256,0,2256,0,_,direct_failure,1,0,blank_element_fields
fa7,1w7x,https://dude.docking.org/targets/fa7/receptor.pdb,129921,e1b986f4161d149715b1feb72ad95d7796c91807b5badd59edc07e02bf4d8e73,2346,0,2346,0,_,direct_failure,1,0,blank_element_fields
fabp4,2nnq,https://dude.docking.org/targets/fabp4/receptor.pdb,69601,51e83255bc3a5079c87d146c9816ebf2f35b6de6aad720615d388132d36404e0,1264,0,1264,0,_,direct_failure,1,0,blank_element_fields
fak1,3bz3,https://dude.docking.org/targets/fak1/receptor.pdb,130442,d5176abe7a5b1b1beca59c60c17997e9e296bc947d3a3e442fec44baf92503d3,2354,0,2354,0,_,direct_failure,1,0,blank_element_fields
fgfr1,3c4f,https://dude.docking.org/targets/fgfr1/receptor.pdb,134784,665442bfec55e8950746fbe15175893041b87ac86ec75f0be2f9b4bd1f398eb9,2430,0,2430,0,_,direct_failure,1,0,blank_element_fields
fkb1a,1j4h,https://dude.docking.org/targets/fkb1a/receptor.pdb,56016,ab876ab8910424682d4778c4258e0f7e1167a812ca096e0aa5b370af990ccc20,1017,0,1017,0,_,direct_failure,1,0,blank_element_fields
fnta,3e37,https://dude.docking.org/targets/fnta/receptor.pdb,295680,45ff1dc1df5b49c93b07a9d6e9239ef0dc411076caf66e5b91cc2fa2cf7c0800,5376,0,5376,0,_,direct_failure,1,0,blank_element_fields
fpps,1zw5,https://dude.docking.org/targets/fpps/receptor.pdb,160875,e9b9c308071b91d0acb6705972c93deb5133cb8195badd431456f7453eb33ad6,2925,0,2925,0,_,direct_failure,1,0,blank_element_fields
gcr,3bqd,https://dude.docking.org/targets/gcr/receptor.pdb,137365,0ac536f77cdb596c1731c1d55131759f2fd71f4b790d38de39c48a4108bf3ab4,2449,0,2449,0,_,direct_failure,1,0,blank_element_fields
glcm,2v3f,https://dude.docking.org/targets/glcm/receptor.pdb,258130,76d19531a56f639b75490010952b467da23266c7e3ac3827c30040b352a44036,4627,0,4627,0,_,direct_failure,1,0,blank_element_fields
gria2,3kgc,https://dude.docking.org/targets/gria2/receptor.pdb,165880,cbac2efbf3ef47b3892f506915607adcfcc045276758d01d9e933b6c29358d76,3016,0,3016,0,_,direct_failure,1,0,blank_element_fields
grik1,1vso,https://dude.docking.org/targets/grik1/receptor.pdb,130124,9e356a23a588c7bf16e2a3350126ca1e2f91b7307d75a205546891289cfdf288,2360,0,2360,0,_,direct_failure,1,0,blank_element_fields
hdac2,3max,https://dude.docking.org/targets/hdac2/receptor.pdb,203115,7e5540f049a2b58e0e8aa690f495154d2d71836a06f5327c244464f6a0af7c2e,3693,0,3693,0,_,direct_failure,1,0,blank_element_fields
hdac8,3f07,https://dude.docking.org/targets/hdac8/receptor.pdb,173415,a841e1c42193afb9c98dfd42573073fe03345c611af3bc57e46b585739bcad27,3153,0,3153,0,_,direct_failure,1,0,blank_element_fields
hivint,3nf7,https://dude.docking.org/targets/hivint/receptor.pdb,115060,0e827d60698e81254792782183e8dd8663db2095a4a43ec13fb220f913f9eec5,2092,0,2092,0,_,direct_failure,1,0,blank_element_fields
hivpr,1xl2,https://dude.docking.org/targets/hivpr/receptor.pdb,101475,a39f4456b05a2b9f816944849f934f8ea71de4fc085d689204c359111c9190bc,1845,0,1845,0,A;B,direct_failure,1,0,blank_element_fields
hivrt,3lan,https://dude.docking.org/targets/hivrt/receptor.pdb,150632,ffcb8c9bd2db367757f9a66998316125698c683c01dd12c114d11d470948c175,2707,0,2707,0,_,direct_failure,1,0,blank_element_fields
hmdh,3ccw,https://dude.docking.org/targets/hmdh/receptor.pdb,294317,d4209fa458be210a83e8e0184df111fa67f3d11035c49919a72832613500b598,5282,0,5282,0,_,direct_failure,1,0,blank_element_fields
hs90a,1uyg,https://dude.docking.org/targets/hs90a/receptor.pdb,109725,acfca441f80c6765fe09362fdf882d45fcfba281e0a3a4edb2a1f3fc58d87743,1995,0,1995,0,_,direct_failure,1,0,blank_element_fields
hxk4,3f9m,https://dude.docking.org/targets/hxk4/receptor.pdb,149955,1d9b6dc09542b3de6312fbf1359aee0f788ba3932cb3ee76ed68404968ea6148,2697,0,2697,0,_,direct_failure,1,0,blank_element_fields
igf1r,2oj9,https://dude.docking.org/targets/igf1r/receptor.pdb,137091,34a93a05d1d1790d61db89cc6afb0e4ef37827a89d33d2ef6ffc1e40a6436194,2470,0,2470,0,_,direct_failure,1,0,blank_element_fields
inha,2h7l,https://dude.docking.org/targets/inha/receptor.pdb,124392,04d5704957ab92403ff3440ee7c6f3f9fc6179602d9dcf32d7bcc82ede74f350,2244,0,2244,0,_,direct_failure,1,0,blank_element_fields
ital,2ica,https://dude.docking.org/targets/ital/receptor.pdb,96551,4a54b121a6e823234eeffe0c4bdac9548e62ce13b32f1943a7abe246f50d5e10,1754,0,1754,0,_,direct_failure,1,0,blank_element_fields
jak2,3lpb,https://dude.docking.org/targets/jak2/receptor.pdb,146410,607c39cf2377768f8929d1fe7b030e2ec9584ce0da4afc6febe52750f82dba24,2662,0,2662,0,_,direct_failure,1,0,blank_element_fields
kif11,3cjo,https://dude.docking.org/targets/kif11/receptor.pdb,145656,3515caef52b7eb014d1a4401f8b78ecbe1f28f93eec091290a852618960d844f,2611,0,2611,0,_,direct_failure,1,0,blank_element_fields
kit,3g0e,https://dude.docking.org/targets/kit/receptor.pdb,144100,25c788e13264a8c1bdaf367b7f15980349f279279e0b0b60f06df666c07266df,2620,0,2620,0,_,direct_failure,1,0,blank_element_fields
kith,2b8t,https://dude.docking.org/targets/kith/receptor.pdb,151758,2d81ec3587b655938d4f04623b8cd721d649702ed40881aef8c4ea369cf51bb8,2718,0,2718,0,_,direct_failure,1,0,blank_element_fields
kpcb,2i0e,https://dude.docking.org/targets/kpcb/receptor.pdb,164395,27e42f457c82596332fbcfa10f4059d1718887dabedb3388ee6e6fb7f5520c90,2989,0,2989,0,_,direct_failure,1,0,blank_element_fields
lck,2of2,https://dude.docking.org/targets/lck/receptor.pdb,138258,8deec3f75bdbea8c412a6d27d3b4da4e092c34b044ece8042fe7f9e2f7a1524f,2502,0,2502,0,_,direct_failure,1,0,blank_element_fields
lkha4,3chp,https://dude.docking.org/targets/lkha4/receptor.pdb,257565,0c18c94e302985fe26a81832b97afbe7c8b55d6b8c78df5bccdb18d163ebb9b1,4683,0,4683,0,_,direct_failure,1,0,blank_element_fields
mapk2,3m2w,https://dude.docking.org/targets/mapk2/receptor.pdb,136730,e6a902a6237717083966dd1e19bfb0283fe8d937d492a38338642dd01a322975,2486,0,2486,0,_,direct_failure,1,0,blank_element_fields
mcr,2aa2,https://dude.docking.org/targets/mcr/receptor.pdb,123738,53c89b1b3e317fb98b70b41b21e62d9f89e02836833b63eb970392480c0cd893,2238,0,2238,0,_,direct_failure,1,0,blank_element_fields
met,3lq8,https://dude.docking.org/targets/met/receptor.pdb,142681,c56dcf2b6b9b3617dab0ef1dcddc0dd04c373d03d5fa85f79eec90dd59a46d6b,2578,0,2578,0,_,direct_failure,1,0,blank_element_fields
mk01,2ojg,https://dude.docking.org/targets/mk01/receptor.pdb,145289,f82f4fe811cdd8f53abaa8b0925e8f9cf20179bdc9452c17bd1b35e1bc89b893,2621,0,2621,0,_,direct_failure,1,0,blank_element_fields
mk10,2zdt,https://dude.docking.org/targets/mk10/receptor.pdb,146933,29f67ffb01cb3cd2d456b888a5ea6e30079b159ae3bf2749c8a071f6cd7846b6,2645,0,2645,0,_,direct_failure,1,0,blank_element_fields
mk14,2qd9,https://dude.docking.org/targets/mk14/receptor.pdb,146467,c65e2eb4dd27b429f48fdd1e47e91aad4027ee74f943737aa39ff360bb7c7f24,2638,0,2638,0,_,direct_failure,1,0,blank_element_fields
mmp13,830c,https://dude.docking.org/targets/mmp13/receptor.pdb,102560,21407ee3d37f41a7a2689dd210140eab6e0a1771105d4a8ab2740db5892ffe92,1850,0,1850,0,_,direct_failure,1,0,blank_element_fields
mp2k1,3eqh,https://dude.docking.org/targets/mp2k1/receptor.pdb,165715,45cb0c22252169dfde3f000d76b87a54902e9217dc4c89346f56f2ba8e0f2420,3013,0,3013,0,_,direct_failure,1,0,blank_element_fields
nos1,1qw6,https://dude.docking.org/targets/nos1/receptor.pdb,196130,888bb1616de10f43777ba191e81e9087f82347e68beed7f4d5724b138d351056,3566,0,3566,0,_,direct_failure,1,0,blank_element_fields
nram,1b9v,https://dude.docking.org/targets/nram/receptor.pdb,184339,c104b785c7e2a36781a8df057dc3eb453458f36881ad348a8f31d5af85ae54fe,3331,0,3331,0,_,direct_failure,1,0,blank_element_fields
pa2ga,1kvo,https://dude.docking.org/targets/pa2ga/receptor.pdb,201190,3f44290ac26ce738ef3a701323b7f7cb874a8bd5ce019fbbfd0e3a5234147737,3658,0,3658,0,_,direct_failure,1,0,blank_element_fields
parp1,3l3m,https://dude.docking.org/targets/parp1/receptor.pdb,184305,abe4dea81473b133ab6aaec3f54cfffdf6c197a300281d99e8faf3d8e5a5676b,3351,0,3351,0,_,direct_failure,1,0,blank_element_fields
pde5a,1udt,https://dude.docking.org/targets/pde5a/receptor.pdb,173800,bb3cc7ec0ab274361c8802c51e8c752c82b10cfd61ba33291c7dce7a77b5920e,3160,0,3160,0,_,direct_failure,1,0,blank_element_fields
pgh1,2oyu,https://dude.docking.org/targets/pgh1/receptor.pdb,226380,618175bb5b4132b768b76f67323d78a603a42db7561fb58aa97b0e104f27d097,4116,0,4116,0,_,direct_failure,1,0,blank_element_fields
pgh2,3ln1,https://dude.docking.org/targets/pgh2/receptor.pdb,296065,ef1f6759a5f294e8ddb58df19f7d05a7655fba8812f7017ae4688fd9562fee01,5383,0,5383,0,_,direct_failure,1,0,blank_element_fields
plk1,2owb,https://dude.docking.org/targets/plk1/receptor.pdb,132990,8036ee63d01398d0e4e8242bd486d7b3bda5b338d3b099cd1ecba3ee3950edb2,2418,0,2418,0,_,direct_failure,1,0,blank_element_fields
pnph,3bgs,https://dude.docking.org/targets/pnph/receptor.pdb,127388,4e9169f4962a9b662c0073973f9f9dcddf2baad3ae03e17dad133747675b399b,2297,0,2297,0,_,direct_failure,1,0,blank_element_fields
ppara,2p54,https://dude.docking.org/targets/ppara/receptor.pdb,135227,3c2932b1ae93cbd7b3e4e8c891663a9860872fe88636dfcd1596c3f193d200c2,2441,0,2441,0,_,direct_failure,1,0,blank_element_fields
ppard,2znp,https://dude.docking.org/targets/ppard/receptor.pdb,143277,91bf32398a8d7193d72ec169bb7fb6592edc6aaae01b10f6c8cfc58c91c69243,2580,0,2580,0,_,direct_failure,1,0,blank_element_fields
pparg,2gtk,https://dude.docking.org/targets/pparg/receptor.pdb,129030,48322adf204dfea80f960e779f27b435729ac67d9c3ecf38bcfe521ead9c20ec,2346,0,2346,0,_,direct_failure,1,0,blank_element_fields
prgr,3kba,https://dude.docking.org/targets/prgr/receptor.pdb,152572,027e60ace1ea16389788ca9f2efe83fe36be1504d07b225faa3546f4e193cb0e,2749,0,2749,0,_,direct_failure,1,0,blank_element_fields
ptn1,2azr,https://dude.docking.org/targets/ptn1/receptor.pdb,140663,710afface369fe86208f452fe46d7192ea84e130aacad6bd49172b0eca5052f7,2531,0,2531,0,_,direct_failure,1,0,blank_element_fields
pur2,1njs,https://dude.docking.org/targets/pur2/receptor.pdb,125744,08ddc3c0f5f25c6362e2460e3342fb37ed738d06296b24662810017be236a84e,2273,0,2273,0,_,direct_failure,1,0,blank_element_fields
pygm,1c8k,https://dude.docking.org/targets/pygm/receptor.pdb,207790,b80e2037e3ac13b7bb8421cbab39d6ac3f3cb00c6f546ca5e58370e7f3c8a3ca,3778,0,3778,0,_,direct_failure,1,0,blank_element_fields
pyrd,1d3g,https://dude.docking.org/targets/pyrd/receptor.pdb,142385,9cd9e6ed6e9f2a466f9a35eed5f40468f07ddf18d25d4f7532fad6e6f52c0f64,2560,0,2560,0,_,direct_failure,1,0,blank_element_fields
reni,3g6z,https://dude.docking.org/targets/reni/receptor.pdb,207042,39440dee23970f2fbf40477b9eba8f4e5417f4e9c8fcc6d333b4d91c0732493e,3732,0,3732,0,_,direct_failure,1,0,blank_element_fields
rock1,2etr,https://dude.docking.org/targets/rock1/receptor.pdb,180167,24950bdbd7d716bafcf1b84346a5832140e8ff5adb846f3a40a2ab94911a99dd,3212,0,3212,0,_,direct_failure,1,0,blank_element_fields
rxra,1mv9,https://dude.docking.org/targets/rxra/receptor.pdb,115407,3e3e071bda427e47611b547b070bf2a6b519b0e8ec4f5d25a3aa16333b005495,2088,0,2088,0,_,direct_failure,1,0,blank_element_fields
sahh,1li4,https://dude.docking.org/targets/sahh/receptor.pdb,202072,8e412ef64d9e3e6e0da448fc7cf1712bd9cedae92fe3e7228f4fb4cdb018248c,3649,0,3649,0,_,direct_failure,1,0,blank_element_fields
src,3el8,https://dude.docking.org/targets/src/receptor.pdb,125015,01f00dde7cab0fa16fec56f3f83ca89133c02d1a44dfb33f48a7731b70f16b37,2273,0,2273,0,_,direct_failure,1,0,blank_element_fields
tgfr1,3hmm,https://dude.docking.org/targets/tgfr1/receptor.pdb,144050,7ec2c875a5f3e4b6def52fe4af37964a0228447d500f6da50ff9349ebbf330cc,2597,0,2597,0,_,direct_failure,1,0,blank_element_fields
thb,1q4x,https://dude.docking.org/targets/thb/receptor.pdb,118382,9997e97a0152426735ce7a6c41eb325936f895584ff7ef4d9b8f34ca64fcac51,2107,0,2107,0,_,direct_failure,1,0,blank_element_fields
thrb,1ype,https://dude.docking.org/targets/thrb/receptor.pdb,143330,b821e862ab04acaf32b9ea23daa10e76f871cc32cfc74c4a0c1d852567fbbef3,2606,0,2606,0,_,direct_failure,1,0,blank_element_fields
try1,2ayw,https://dude.docking.org/targets/try1/receptor.pdb,110987,d3b45ff24196d21757893c9d17594402c46f0a61b9221b1fbad92ab3baba3f9e,2015,0,2015,0,_,direct_failure,1,0,blank_element_fields
tryb1,2zec,https://dude.docking.org/targets/tryb1/receptor.pdb,218951,e3fd584350ec57b729fb445e2b7a14aa99257036159b8000ef4d365901468df6,3950,0,3950,0,_,direct_failure,1,0,blank_element_fields
tysy,1syn,https://dude.docking.org/targets/tysy/receptor.pdb,171710,811b41b3b3167dcd7dcf86e8cd992cea9c3a2bc7618d2d8e8a562ffab4495a7f,3122,0,3122,0,_,direct_failure,1,0,blank_element_fields
urok,1sqt,https://dude.docking.org/targets/urok/receptor.pdb,123744,d598b44ecbd6c9529e74921c6fd272051421fcb0a65df9a89bcbd40e2b2c733a,2244,0,2244,0,_,direct_failure,1,0,blank_element_fields
vgfr2,2p2i,https://dude.docking.org/targets/vgfr2/receptor.pdb,163910,eb4ebb7f592208e01ebc10944c5c1f9d420b73bbec79940e2048666f5766638e,2936,0,2936,0,_,direct_failure,1,0,blank_element_fields
wee1,3biz,https://dude.docking.org/targets/wee1/receptor.pdb,120458,3c172d58828856b0b4bad34b0ad4a377260a121c2d067dd718b482672700ef74,2171,0,2171,0,_,direct_failure,1,0,blank_element_fields
xiap,3hl5,https://dude.docking.org/targets/xiap/receptor.pdb,74085,c657ca8fe816cd6bdb0f066c63066971990801657fe586ec1101fae006573cc2,1347,0,1347,0,_,direct_failure,1,0,blank_element_fields
