target,pdb_id,mmcif_sha256,outcome,return_code,pdbqt_bytes,error_class
aa2ar,3eml,fc5e7cadd3951548025a382db1cd5e0b64aadfa2f160fe3436bf1f4ed840a888,direct_success,0,380052,
abl1,2hzi,e5c6618622705247be65be42e21908322a71be027d3dba74f96208122fe207c8,direct_failure,1,0,alternate_locations
ace,3bkl,341843213cbb4b09e654594215424b1a2592157c5534a059bf25fdea360ec000,direct_failure,1,0,other_preparation_failure
aces,1e66,344d0d9d4fbad0a876bb9198cb2019b79d51412c5549bcad056f95a9ef66695e,direct_failure,1,0,other_preparation_failure
ada,2e1w,178b6c3c26012cbe31a3f3ade40b84e59def3531e9f2c0b3c8ccad5c230cbe14,direct_success,0,306666,
ada17,2oi0,d6f8e76f1811ecff95508cebd38941f71d3da31b05ff18163cd33a55fa558149,direct_success,0,245025,
adrb1,2vt4,3ac0a5d37d77c9ffd79df91c7b7dad86e47696f13e8e11ae1071f080db0bff66,direct_failure,1,0,residue_template_mismatch
adrb2,3ny8,fd49cdc74148252c613ed7ced744926fba6e4cf7c86f5cc4c5d0aafb001e9bf3,direct_failure,1,0,residue_template_mismatch
akt1,3cqw,7d3693c0e666b702aff3c2a48337a9cdb1d3af1838724cf94a6483106cb1e4eb,direct_failure,1,0,alternate_locations
akt2,3d0e,bb72ca782f14b3a1d75b691f542e56cc5132a5644ed934da156eae74911f6001,direct_success,0,639576,
aldr,2hv5,2abb379313704e9a2b80ee58c1c1e91d6a8c3ca6a955588b215f7e3149c6902a,direct_failure,1,0,alternate_locations
ampc,1l2s,c212cbdabaf54f2b445932afa93b390ba8139273a061af005a724af3ccfb130f,direct_failure,1,0,alternate_locations
andr,2am9,dd5f9eece09330a3f763a51317a2f3feda5fcd2ba038b74286b1cd29d077f76f,direct_failure,1,0,other_preparation_failure
aofb,1s3b,c42afb4e8198ce1ddbf9c56480a69ad239c2a46e4bdd26c59c8d8b0c4c925c6c,direct_failure,1,0,other_preparation_failure
bace1,3l5d,0b7669b1718f1ab3f7cc30f617fc27bd75bfd72d49a2b1a507b0990ed38a8de3,direct_success,0,828792,
braf,3d4q,034d6572fda3bb64e13c3b42ef5d55466f3ec4704f47d1357fa23bf802d0d983,direct_success,0,428733,
cah2,1bcd,d15065309a0fe0fd8daca44474f73b4d9eca2d9f1c7f1bb456d9c08f7e3804c6,direct_failure,1,0,alternate_locations
casp3,2cnk,67d18c61685750c0289023322a02d9347d46bea8b86475e560a60adab64fc0be,direct_failure,1,0,other_preparation_failure
cdk2,1h00,746477bc8f4cda3a0f72f7e0692d5a6022d28cc8d286e8fbd4a95fd701226126,direct_failure,1,0,alternate_locations
comt,3bwm,debe2736e6c5affecce595281fac469cd424ab6e91a5d908ec89d9460f60e4f6,direct_failure,1,0,element_error
cp2c9,1r9o,9efe23de6cb1b57ce815a96adc172a49d2db4498c0c20c577f3da6f206a3f7a6,direct_success,0,427032,
cp3a4,3nxu,8328d272e0ef1aeeb551e2fb662218dcace634889cbcd454cd986bb641d4424a,direct_success,0,834543,
csf1r,3krj,c520fcf42dbc47f2a02018e81fbb16f8b7163f67da25ea966f8401ad413bac36,direct_failure,1,0,alternate_locations
cxcr4,3odu,347869bf312494329142b2fcf2bb2608cc3c47acee6bd045e849b0bf15322ede,direct_failure,1,0,alternate_locations
def,1lru,77bf6e9214a7eeadb0885f7a95163bc806aa9f3ee1fc8f6fcf7aa7f836016602,direct_failure,1,0,residue_template_mismatch
dhi1,3frj,e2f6e596137b1b5ac4e0da1374c0c2d0e6faa3986cbe3cffcc0bfe408e0f8168,direct_failure,1,0,alternate_locations
dpp4,2i78,4c01c0b72f18b43d9525c31356ec0e3a6da8f6431de717144c23d87fef80cd2f,direct_failure,timeout,0,preparation_timeout
drd3,3pbl,1b41a751610112de0c404a4a62e140e92ad9097e75e9c6eb50db6e1091bb45d0,direct_failure,1,0,other_preparation_failure
dyr,3nxo,34c15dac38a933ecee7ff13b2b611099ca53de2c6ef53036cb4be33e8c7c3f63,direct_failure,1,0,other_preparation_failure
egfr,2rgp,2c557b019c22c21fe1286f2ebfe8a7fa9171cf60a6b9563242aa5f2fcbf09dd9,direct_failure,1,0,residue_template_mismatch
esr1,1sj0,e7dbcb6d039756877f42c99bc69ed2f42b2b0e20fdb6e7fab09e3b1b0a6007f2,direct_failure,1,0,residue_template_mismatch
esr2,2fsz,615959763cce25be7fec54e2670d23bf135b713ea37781ead2bca6ab2e9abf73,direct_success,0,367983,
fa10,3kl6,0bad93fbb2f96a2436321e7e18473b94682671e7d8f92d575f72cdcf6742262d,direct_success,0,273861,
fa7,1w7x,7fc12176cd74ab07a60721859134b2e55065d7da4e2342b5bd1256bd7345b118,direct_failure,1,0,residue_template_mismatch
fabp4,2nnq,3827256abb025cb4ef5ebe718171785de1e907005aff7982669e7683a3c9b99c,direct_failure,1,0,residue_template_mismatch
fak1,3bz3,0d8665c771aa861743a6180ca09e6750f48d821c3225f9c92b32f13c0fb82184,direct_failure,1,0,alternate_locations
fgfr1,3c4f,15c8619604ead5ae9fabef8004710fb7fe028463f0e21f0d782e4a8e08c549ed,direct_failure,1,0,alternate_locations
fkb1a,1j4h,bf3460082a00ece1228d75079612d75d74582092cc7dbb7e80c5568d61d3bdaf,direct_success,0,118341,
fnta,3e37,9d03452cdfc72604360a69134a32e09ca6d5b84d818c3b46612c96e223ca0e6f,direct_failure,1,0,other_preparation_failure
fpps,1zw5,2d3c01c9babfcf41572045617bf6adbce703bb8a571d94818c220ca979a4dd1d,direct_failure,1,0,alternate_locations
gcr,3bqd,3a78353d8d0a9c202574c737ab86117d7086648275a565b0e99a5e8468d13c3a,direct_failure,1,0,residue_template_mismatch
glcm,2v3f,590b9b4b42420eb0eb4696beab0c369e0e064c416fa2f8dc6db2084f22ba7e75,direct_failure,1,0,other_preparation_failure
gria2,3kgc,c947b9823de9fcdd922624e5f428a30259d5d23653c9fba463ee988f0cba0c5e,direct_failure,1,0,residue_template_mismatch
grik1,1vso,571858dc6e621cbb9f51685ffc2b209e57e16f6fdaa483e25e5c1bc00c23a095,direct_failure,1,0,alternate_locations
hdac2,3max,d7cd1eb0672136aaa9f2b7b83cca8e99824d24f4b9df75937798b159acbe1321,direct_failure,1,0,alternate_locations
hdac8,3f07,2acadf72a4020a1ed33ef823fda02b3e492a59402cf56b11f36da3c9e5e50cf6,direct_failure,1,0,element_error
hivint,3nf7,935059bba5f7cef05bcec8e0ed743d082df2a41fec6dd94a54ca61e0609c1920,direct_failure,1,0,alternate_locations
hivpr,1xl2,f6360a36a883463dc96163827457570d9b61b84e23bde07378bd85b6467b28af,direct_failure,1,0,alternate_locations
hivrt,3lan,013eabcebc9d7e73b73e4c852064bbae350d6c2f6152ce2f639b9c8b51371dc9,direct_failure,1,0,residue_template_mismatch
hmdh,3ccw,6d75792991c9c3c261138b6f1c081af3c335c34e1194e3fbf43c8ae0dc0e7747,direct_success,0,1336095,
hs90a,1uyg,ebf917aa6114925d26c3ce7f609c0ed1039e8a52a3db9e012f409c2981ef93b4,direct_failure,1,0,alternate_locations
hxk4,3f9m,2ebc367654a3cc98f7927fecf7df0f15c8f0cc645df71684428601bc8f237a97,direct_failure,1,0,alternate_locations
igf1r,2oj9,5d371d038bf9f7472d516abb67e26833270f91de23d615badf542410277f720c,direct_failure,1,0,residue_template_mismatch
inha,2h7l,6dd9c9b2baab6c79b23ff8a0f928623eb6503aa2baa9bb2be7686d92f95b39f2,direct_success,0,286497,
ital,2ica,016e9ee972850b78bcc0a7beb7ef0e2d3ac7ea2a6555af50ea99e62bb7a4e40c,direct_failure,1,0,residue_template_mismatch
jak2,3lpb,369f302c08b751c77ac01f4e17c8c1713c2438749a2fd2407d505f8c9a9a0e2c,direct_failure,1,0,alternate_locations
kif11,3cjo,94f8d6c475d6533d39cc2cd7241cc557af2eb058cd3da0495eb98abd77d9e705,direct_success,0,607905,
kit,3g0e,4d6aea1ebab23dab371149a2c409ecc19d42a04b7678df12953ce60b67e93b9b,direct_failure,1,0,alternate_locations
kith,2b8t,3b6a27a0a6545c7697e7290b7398466efc98ee77f4ddedb3021b2ffc78fd8f3d,direct_failure,1,0,residue_template_mismatch
kpcb,2i0e,dbc0cd31e377817776520118c4ba02390110562fff28dda14fc47afb9d97cd00,direct_success,0,531927,
lck,2of2,582a71a114c97a23ebfb809679b3dbcb563b0b9ade079d1f5933bc45d1838e7f,direct_failure,1,0,residue_template_mismatch
lkha4,3chp,7933d8a5bd1bb47977bdf9b10ad7fff3024e4de17ec5866b0727f63818d47afa,direct_failure,1,0,element_error
mapk2,3m2w,affdf3f7942db5d1cdcc965bd0c871c78a2bdc41ec99780ccd3777f38f36f911,direct_failure,1,0,alternate_locations
mcr,2aa2,0a9ec64d41bc14c01a41241a78ec3b29478347797e7e64f307725b3c3be3eab3,direct_failure,1,0,residue_template_mismatch
met,3lq8,a06e0dd6d6be63f7022e7093b958f81e1a7ebe9a2489bd33d098b677f47026f9,direct_failure,1,0,alternate_locations
mk01,2ojg,794cad871b0d976a717ded3c84836c669a677b0ee079af04dcdbcc51ea582ca7,direct_success,0,319950,
mk10,2zdt,7f87005c72e785320fc3e179da8058f03dd8f338b7bf9eeb4a8f630bb6d10abf,direct_failure,1,0,alternate_locations
mk14,2qd9,818df8c5c8a26d40566f1079a4eb8872c07ac68643424f5d296286ae293cf49f,direct_success,0,300105,
mmp13,830c,3c4cb649ba41d421da4834b8dda5e419a8deda1ea7fc01430330fc355171c9c2,direct_failure,1,0,residue_template_mismatch
mp2k1,3eqh,f691d0b7fc2171a68f180878e19db4924741d207be721fab7d81fa16cb4dc3a8,direct_failure,1,0,residue_template_mismatch
nos1,1qw6,ed5e14667084d0fd344d30bc71e017f48e410e1e5d6130cd6a41bc93486ea091,direct_success,0,413748,
nram,1b9v,06ecc2f0c82d97ca07a88379a9597231c043bf43cd0a338520fbf6f71d0f582c,direct_failure,1,0,residue_template_mismatch
pa2ga,1kvo,877284470809b39101ee6db6694b066b0e79726aed138c00219111bfc9d1b6d4,direct_failure,1,0,residue_template_mismatch
parp1,3l3m,924fb78377a5ffa4cee1d96a8a87c5c4e2fed1c58a4132d218e7e705aa75413a,direct_success,0,301725,
pde5a,1udt,5f3e39031fc579ca6b31cdaab37dd7fbceba26126cf33a03fd6ab35e62eb16e9,direct_success,0,274671,
pgh1,2oyu,d038ab60c53813a515624d26d890415452bdf4046bee77d12ec05acb00b645dd,direct_failure,1,0,other_preparation_failure
pgh2,3ln1,988bae0b88e4f4d5d21607bbae29b94a9201554f627fb79383109fe364c37fac,direct_failure,1,0,other_preparation_failure
plk1,2owb,0e75c5339c11d272f5822510503e4a211e972d1c23ff974c62e2eedb44d89946,direct_failure,1,0,alternate_locations
pnph,3bgs,8a85177a6512e678f6feda49552c97b0d4784f70c3302a6dc7831f234a75e353,direct_failure,1,0,alternate_locations
ppara,2p54,aa5f374c358cfdfff995676fb575bbcdc2780d1d8c671279beb317b7890155e4,direct_failure,1,0,residue_template_mismatch
ppard,2znp,c76f05a2721da4c7d18420b038bb26a1ae06acec1003db9b9bb13c564e287e0e,direct_success,0,423630,
pparg,2gtk,a4405f1d3c991c934b9dcdd91ae23648da826b3f44f4cf29660f49a8f6352aa5,direct_success,0,275481,
prgr,3kba,b614ea49b1b5df2b381c0645a69250440b414aad208d991f2593ab14306e242b,direct_failure,1,0,alternate_locations
ptn1,2azr,a7ecfeae6661bcf03f907fcd256e12d31492caa2817043271af9ae097a20a227,direct_success,0,294759,
pur2,1njs,c3e56d14bacf89906fbc03379e4ba6cd66282473b7b5e15717f3d28f21a8f07f,direct_success,0,368226,
pygm,1c8k,35252e47f67a97fcc12a19eedc58837be43ac92bece12e8f63868dfc42cfe6e6,direct_failure,1,0,other_preparation_failure
pyrd,1d3g,32f68e7d1beed3226ac41b091a18f55101b51388ed35db3e7cee9ee5be7e0436,direct_failure,1,0,alternate_locations
reni,3g6z,35eabf04e2e851eac12abaf510c4678b63b4f2645ef9c68068db1660aea04c4e,direct_failure,1,0,other_preparation_failure
rock1,2etr,27253e6ee25c3894cfcfa93fc2bad15d8f293da33ab107a18f6efbeca1e81e0c,direct_failure,1,0,residue_template_mismatch
rxra,1mv9,2392ff817a7bb428bacf5d78dd6819a8aa06ef3e6a02975855c222b20a583355,direct_failure,1,0,other_preparation_failure
sahh,1li4,ee0e9342d6e02a4c0765efb9ed74a020f4fea77c9aa8b64819f9b879e3697041,direct_failure,1,0,residue_template_mismatch
src,3el8,cca5177840c78e9a3ea0a8f36988649164610c2e83bd4e71b1ca61c370685618,direct_failure,1,0,residue_template_mismatch
tgfr1,3hmm,33e046bc3ba5f80405814a2a911dbaa12d7ed427d1a983a2dc493f01c297b6c1,direct_success,0,289656,
thb,1q4x,1736b5af4635ec62024cafb3af2fd116da7735d4df47f2c83cc37a6ae5d60bab,direct_failure,1,0,residue_template_mismatch
thrb,1ype,c0e2f37e7cb2cd729d7a01dec8baebe734de3c3061c6ad10c76237e79225814d,direct_failure,1,0,residue_template_mismatch
try1,2ayw,6ec49c1c9bca98646103e1b04680a6242a50cd78b28d1e79ead4571b0c255eb6,direct_failure,1,0,residue_template_mismatch
tryb1,2zec,24374c4ef07b7ffc35db63177ad724782febc9b57cc51130d6ffe7b6e6b688e4,direct_failure,1,0,residue_template_mismatch
tysy,1syn,2fe73e2f776dab4f2cb988860a9003961a8a969600822306479ff40255b5bf75,direct_failure,1,0,other_preparation_failure
urok,1sqt,702bc4e3a599960158003bddfaffa82f99c5e7b5e25767070dc964649cc83bae,direct_failure,1,0,residue_template_mismatch
vgfr2,2p2i,7a44b14fe17f70b80c36cb4cdf6fd6471160b8f96f78584ef8dbb1f7d63c4530,direct_failure,1,0,residue_template_mismatch
wee1,3biz,51a52f2285edcb1fef3a380385b47152f4117eb858ba6afd72bb9121f506395f,direct_failure,1,0,alternate_locations
xiap,3hl5,3d42af12c41b2cc070a6ef429b1ac3e6db37f68bdef19989fefca317f33cc39e,direct_success,0,190593,
